batch_size,mean_latency_s_per_token,std_latency,mean_throughput_tokens_per_s,repeats
1,0.0687583486666578,0.010619091551003535,14.869679720485259,3
8,0.08128849233332858,0.011556636345721483,100.25810705837183,3
32,0.1640100163333121,0.008025997630602015,195.5651372929079,3
128,0.5256382656666952,0.014713180907110343,243.7007627227928,3
